{
    "loss": 12.018031120300293,
    "accuracy": 0.050847455859184265
}