{
    "loss": 1.5018703937530518,
    "accuracy": 0.5254237055778503
}